"Pass []","re(Mode(1)) [g]"
1,40.0552491897103
2,4.85027924690032
3,5.81679813611339
4,6.03934516382133
5,6.15108438345437
6,6.22254470756894
